Name,URL_1080,URL_720,URL_480,Status
فيلم Shelter 2026 مترجم اون لاين                                                                                                                                                 2026,,,,Broken
مسلسل A Knight of the Seven Kingdoms الموسم الاول                                                                                                                                                 2026,,,,Broken
مسلسل بطل العالم الحلقة 5 الخامسة                                                                                                                                                 2026,,,,Broken
فيلم The Investigation Of Lucy Letby 2026 مترجم                                                                                                                                                 2026,,,,Broken
مسلسل بطل العالم الحلقة 1 الاولى                                                                                                                                                 2026,,,,Broken
فيلم Blackout 2026 مترجم                                                                                                                                                 2026,,,,Broken
عرض WWE Royal Rumble 2026 مترجم                                                                                                                                                 2026,,,,Broken
فيلم طلقني 2025 اون لاين                                                                                                                                                 2025,,,,Broken
فيلم Black Goat 2026 مترجم                                                                                                                                                 2025,,,,Broken
فيلم Bury ‘Em Deep 2025 مترجم اون لاين                                                                                                                                                 2025,,,,Broken
مسلسل الانانية الموسم الاول الحلقة 5 مدبلجة     ( 2026  ),,,,Broken
مسلسل كيف تجرؤ How Dare You الحلقة 6 مترجمة     ( 2026  ),,,,Broken
مسلسل كيف تجرؤ How Dare You الحلقة 4 مترجمة     ( 2026  ),,,,Broken
مسلسل كيف تجرؤ How Dare You الحلقة 5 مترجمة     ( 2026  ),,,,Broken
مسلسل كيف تجرؤ How Dare You الحلقة 3 مترجمة     ( 2026  ),,,,Broken
